{"cameraMode":{"drawMode":0,"name":"Shaded","section":"Shading Mode"},"sceneLighting":true,"audioPlay":false,"sceneViewState":{"m_AlwaysRefresh":false,"showFog":true,"showSkybox":true,"showFlares":true,"showImageEffects":true,"showParticleSystems":true,"showVisualEffectGraphs":true,"m_FxEnabled":true},"in2DMode":false,"pivot":{"x":-16.51272964477539,"y":-23.792762756347658,"z":-23.403907775878908},"rotation":{"x":0.03588740527629852,"y":0.9610258340835571,"z":-0.22907669842243195,"w":0.15055562555789948},"size":47.90718078613281,"orthographic":false}