{"cameraMode":{"drawMode":0,"name":"Shaded","section":"Shading Mode"},"sceneLighting":false,"audioPlay":false,"sceneViewState":{"m_AlwaysRefresh":false,"showFog":true,"showSkybox":false,"showFlares":true,"showImageEffects":true,"showParticleSystems":true,"showVisualEffectGraphs":true,"m_FxEnabled":true},"in2DMode":false,"pivot":{"x":-0.8641258478164673,"y":6.489999771118164,"z":-0.10899999737739563},"rotation":{"x":0.051571935415267947,"y":0.9470033645629883,"z":-0.19591417908668519,"w":0.24928691983222962},"size":6.779520511627197,"orthographic":false}