{"cameraMode":{"drawMode":0,"name":"Shaded","section":"Shading Mode"},"sceneLighting":true,"audioPlay":false,"sceneViewState":{"showFog":true,"showMaterialUpdate":false,"showSkybox":true,"showFlares":true,"showImageEffects":true,"showParticleSystems":true},"in2DMode":false,"pivot":{"x":-24.920242309570314,"y":4.398069381713867,"z":-25.988113403320314},"rotation":{"x":0.2317509800195694,"y":0.5292786955833435,"z":-0.1529979258775711,"w":0.8017157912254334},"size":2.4516613483428957,"orthographic":false}