{"cameraMode":{"drawMode":0,"name":"Shaded","section":"Shading Mode"},"sceneLighting":false,"audioPlay":false,"sceneViewState":{"showFog":true,"showMaterialUpdate":false,"showSkybox":false,"showFlares":true,"showImageEffects":true,"showParticleSystems":true},"in2DMode":false,"pivot":{"x":-4.818935871124268,"y":1.608936071395874,"z":5.693936347961426},"rotation":{"x":0.3344186246395111,"y":-0.09730073064565659,"z":0.03473646193742752,"w":0.9367443323135376},"size":8.772513389587403,"orthographic":false}