{"cameraMode":{"drawMode":0,"name":"Shaded","section":"Shading Mode"},"sceneLighting":true,"audioPlay":false,"sceneViewState":{"showFog":true,"showMaterialUpdate":false,"showSkybox":true,"showFlares":true,"showImageEffects":true,"showParticleSystems":true},"in2DMode":false,"pivot":{"x":38.39912414550781,"y":-19.898372650146486,"z":17.423128128051759},"rotation":{"x":-0.16063490509986878,"y":-0.6936812996864319,"z":0.1631457805633545,"w":-0.6829463839530945},"size":25.69679832458496,"orthographic":false}