{"cameraMode":{"drawMode":0,"name":"Shaded","section":"Shading Mode"},"sceneLighting":true,"audioPlay":false,"sceneViewState":{"showFog":true,"showMaterialUpdate":false,"showSkybox":true,"showFlares":true,"showImageEffects":true,"showParticleSystems":true},"in2DMode":false,"pivot":{"x":19.259628295898439,"y":2.682020902633667,"z":1.7426233291625977},"rotation":{"x":-0.056809354573488238,"y":0.7683541178703308,"z":-0.06887318938970566,"w":-0.6337683796882629},"size":1.558600664138794,"orthographic":false}