{"cameraMode":{"drawMode":0,"name":"Shaded","section":"Shading Mode"},"sceneLighting":false,"audioPlay":false,"sceneViewState":{"showFog":true,"showMaterialUpdate":false,"showSkybox":false,"showFlares":true,"showImageEffects":true,"showParticleSystems":true},"in2DMode":false,"pivot":{"x":-26.449363708496095,"y":5.423734664916992,"z":-18.765609741210939},"rotation":{"x":0.32553014159202578,"y":-0.40554600954055788,"z":0.15724894404411317,"w":0.8395444750785828},"size":9.652863502502442,"orthographic":false}