{"cameraMode":{"drawMode":0,"name":"Shaded","section":"Shading Mode"},"sceneLighting":true,"audioPlay":false,"sceneViewState":{"showFog":true,"showMaterialUpdate":false,"showSkybox":true,"showFlares":true,"showImageEffects":true,"showParticleSystems":true},"in2DMode":false,"pivot":{"x":-15.419921875,"y":3.998713493347168,"z":20.773399353027345},"rotation":{"x":-0.19654959440231324,"y":-0.3976789712905884,"z":0.08763693273067475,"w":-0.8919322490692139},"size":5.296929359436035,"orthographic":false}