{"cameraMode":{"drawMode":0,"name":"Shaded","section":"Shading Mode"},"sceneLighting":false,"audioPlay":false,"sceneViewState":{"showFog":true,"showMaterialUpdate":false,"showSkybox":false,"showFlares":true,"showImageEffects":true,"showParticleSystems":true},"in2DMode":false,"pivot":{"x":-7.675271034240723,"y":3.0644378662109377,"z":109.65628814697266},"rotation":{"x":0.1197148784995079,"y":0.12031715363264084,"z":-0.014617599546909333,"w":0.9853830933570862},"size":3.270824670791626,"orthographic":false}