{"cameraMode":{"drawMode":0,"name":"Shaded","section":"Shading Mode"},"sceneLighting":false,"audioPlay":false,"sceneViewState":{"showFog":true,"showMaterialUpdate":false,"showSkybox":false,"showFlares":true,"showImageEffects":true,"showParticleSystems":true},"in2DMode":false,"pivot":{"x":-25.411781311035158,"y":4.116534233093262,"z":-19.37745475769043},"rotation":{"x":0.32553014159202578,"y":-0.40554600954055788,"z":0.15724894404411317,"w":0.8395444750785828},"size":13.660417556762696,"orthographic":false}