{"cameraMode":{"drawMode":0,"name":"Shaded","section":"Shading Mode"},"sceneLighting":true,"audioPlay":false,"sceneViewState":{"showFog":true,"showMaterialUpdate":false,"showSkybox":true,"showFlares":true,"showImageEffects":true,"showParticleSystems":true},"in2DMode":false,"pivot":{"x":-61.59993362426758,"y":44.607444763183597,"z":-78.86955261230469},"rotation":{"x":0.23966184258460999,"y":-0.05384960025548935,"z":0.013314899988472462,"w":0.9692704081535339},"size":7.225271224975586,"orthographic":false}