{"cameraMode":{"drawMode":0,"name":"Shaded","section":"Shading Mode"},"sceneLighting":false,"audioPlay":false,"sceneViewState":{"showFog":true,"showMaterialUpdate":false,"showSkybox":false,"showFlares":true,"showImageEffects":true,"showParticleSystems":true},"in2DMode":false,"pivot":{"x":-26.96096420288086,"y":5.411403179168701,"z":-26.67582130432129},"rotation":{"x":-0.20041076838970185,"y":-0.3557892143726349,"z":0.0784059464931488,"w":-0.9094535708427429},"size":1.3181312084197999,"orthographic":false}