{"cameraMode":{"drawMode":0,"name":"Shaded","section":"Shading Mode"},"sceneLighting":true,"audioPlay":false,"sceneViewState":{"showFog":true,"showMaterialUpdate":false,"showSkybox":true,"showFlares":true,"showImageEffects":true,"showParticleSystems":true},"in2DMode":false,"pivot":{"x":-66.17774963378906,"y":23.534931182861329,"z":-21.084028244018556},"rotation":{"x":0.396205872297287,"y":0.13150066137313844,"z":-0.05745130777359009,"w":0.9068781733512878},"size":11.861103057861329,"orthographic":false}