{"cameraMode":{"drawMode":0,"name":"Shaded","section":"Shading Mode"},"sceneLighting":true,"audioPlay":false,"sceneViewState":{"showFog":true,"showMaterialUpdate":false,"showSkybox":true,"showFlares":true,"showImageEffects":true,"showParticleSystems":true},"in2DMode":false,"pivot":{"x":-3.2088797092437746,"y":5.532731056213379,"z":7.246945858001709},"rotation":{"x":0.004907680209726095,"y":0.9939253330230713,"z":0.04983985424041748,"w":-0.0980226993560791},"size":3.7609341144561769,"orthographic":false}