{"cameraMode":{"drawMode":0,"name":"Shaded","section":"Shading Mode"},"sceneLighting":true,"audioPlay":false,"sceneViewState":{"showFog":true,"showMaterialUpdate":false,"showSkybox":true,"showFlares":true,"showImageEffects":true,"showParticleSystems":true},"in2DMode":false,"pivot":{"x":21.229427337646486,"y":16.055999755859376,"z":-2.5338497161865236},"rotation":{"x":-0.2525813579559326,"y":-0.31822896003723147,"z":0.08837858587503433,"w":-0.9094634056091309},"size":3.641963005065918,"orthographic":false}