{"cameraMode":{"drawMode":0,"name":"Shaded","section":"Shading Mode"},"sceneLighting":false,"audioPlay":false,"sceneViewState":{"showFog":true,"showMaterialUpdate":false,"showSkybox":false,"showFlares":true,"showImageEffects":true,"showParticleSystems":true},"in2DMode":false,"pivot":{"x":-7.715070724487305,"y":3.052955389022827,"z":110.54421997070313},"rotation":{"x":0.15254150331020356,"y":0.39665210247039797,"z":-0.06702630966901779,"w":0.9027219414710999},"size":3.270824670791626,"orthographic":false}