{"cameraMode":{"drawMode":0,"name":"Shaded","section":"Shading Mode"},"sceneLighting":false,"audioPlay":false,"sceneViewState":{"showFog":true,"showMaterialUpdate":false,"showSkybox":false,"showFlares":true,"showImageEffects":true,"showParticleSystems":true},"in2DMode":false,"pivot":{"x":-2.5017261505126955,"y":5.461845874786377,"z":5.696619033813477},"rotation":{"x":-0.11797704547643662,"y":0.06400328874588013,"z":0.007620094809681177,"w":0.9909220337867737},"size":11.904349327087403,"orthographic":false}