{"cameraMode":{"drawMode":0,"name":"Shaded","section":"Shading Mode"},"sceneLighting":true,"audioPlay":false,"sceneViewState":{"showFog":true,"showMaterialUpdate":false,"showSkybox":true,"showFlares":true,"showImageEffects":true,"showParticleSystems":true},"in2DMode":false,"pivot":{"x":-64.7350082397461,"y":7.994303226470947,"z":1.1902236938476563},"rotation":{"x":0.10323062539100647,"y":-0.040272306650877,"z":0.004183084238320589,"w":0.9938331246376038},"size":13.420123100280762,"orthographic":false}