{"cameraMode":{"drawMode":0,"name":"Shaded","section":"Shading Mode"},"sceneLighting":true,"audioPlay":false,"sceneViewState":{"showFog":true,"showMaterialUpdate":false,"showSkybox":true,"showFlares":true,"showImageEffects":true,"showParticleSystems":true},"in2DMode":false,"pivot":{"x":74.6016845703125,"y":16.320894241333009,"z":2.377309560775757},"rotation":{"x":-0.006132116541266441,"y":0.708562433719635,"z":0.0061577726155519489,"w":0.7055976986885071},"size":35.01969528198242,"orthographic":false}