{"cameraMode":{"drawMode":0,"name":"Shaded","section":"Shading Mode"},"sceneLighting":false,"audioPlay":false,"sceneViewState":{"showFog":true,"showMaterialUpdate":false,"showSkybox":false,"showFlares":true,"showImageEffects":true,"showParticleSystems":true},"in2DMode":false,"pivot":{"x":4.087362289428711,"y":0.10421133041381836,"z":-2.787006378173828},"rotation":{"x":0.14253520965576173,"y":0.26522529125213625,"z":-0.03967810422182083,"w":0.9527671337127686},"size":9.2930269241333,"orthographic":false}