{"cameraMode":{"drawMode":0,"name":"Shaded","section":"Shading Mode"},"sceneLighting":true,"audioPlay":false,"sceneViewState":{"showFog":true,"showMaterialUpdate":false,"showSkybox":true,"showFlares":true,"showImageEffects":true,"showParticleSystems":true},"in2DMode":false,"pivot":{"x":-5.299011707305908,"y":4.954983711242676,"z":15.86581039428711},"rotation":{"x":0.15455850958824159,"y":0.7950255870819092,"z":-0.2272355854511261,"w":0.5407568216323853},"size":0.6557611227035523,"orthographic":false}