{"cameraMode":{"drawMode":0,"name":"Shaded","section":"Shading Mode"},"sceneLighting":true,"audioPlay":false,"sceneViewState":{"showFog":true,"showMaterialUpdate":false,"showSkybox":true,"showFlares":true,"showImageEffects":true,"showParticleSystems":true},"in2DMode":false,"pivot":{"x":-7.450016975402832,"y":-18.458393096923829,"z":-33.53131103515625},"rotation":{"x":-0.04496287927031517,"y":0.9460579752922058,"z":-0.28366565704345705,"w":-0.14995664358139039},"size":41.992740631103519,"orthographic":false}