{"cameraMode":{"drawMode":0,"name":"Shaded","section":"Shading Mode"},"sceneLighting":false,"audioPlay":false,"sceneViewState":{"showFog":true,"showMaterialUpdate":false,"showSkybox":false,"showFlares":true,"showImageEffects":true,"showParticleSystems":true},"in2DMode":false,"pivot":{"x":31.89999771118164,"y":3.19000244140625,"z":-2.7200000286102297},"rotation":{"x":-0.04496287927031517,"y":0.9460579752922058,"z":-0.28366565704345705,"w":-0.14995664358139039},"size":2.16506290435791,"orthographic":false}