{"cameraMode":{"drawMode":0,"name":"Shaded","section":"Shading Mode"},"sceneLighting":true,"audioPlay":false,"sceneViewState":{"showFog":true,"showMaterialUpdate":false,"showSkybox":true,"showFlares":true,"showImageEffects":true,"showParticleSystems":true},"in2DMode":false,"pivot":{"x":16.00566291809082,"y":-25.521495819091798,"z":-36.264930725097659},"rotation":{"x":-0.04496287927031517,"y":0.9460579752922058,"z":-0.28366565704345705,"w":-0.14995664358139039},"size":37.97943878173828,"orthographic":false}