{"cameraMode":{"drawMode":0,"name":"Shaded","section":"Shading Mode"},"sceneLighting":true,"audioPlay":false,"sceneViewState":{"showFog":true,"showMaterialUpdate":false,"showSkybox":true,"showFlares":true,"showImageEffects":true,"showParticleSystems":true},"in2DMode":false,"pivot":{"x":65.0116195678711,"y":2.4119410514831545,"z":13.134513854980469},"rotation":{"x":0.21237064898014069,"y":-0.48834359645843508,"z":0.1238616406917572,"w":0.8373038172721863},"size":7.757978916168213,"orthographic":false}