{"cameraMode":{"drawMode":0,"name":"Shaded","section":"Shading Mode"},"sceneLighting":true,"audioPlay":false,"sceneViewState":{"showFog":true,"showMaterialUpdate":false,"showSkybox":true,"showFlares":true,"showImageEffects":true,"showParticleSystems":true},"in2DMode":false,"pivot":{"x":21.167478561401368,"y":0.5054130554199219,"z":0.19129085540771485},"rotation":{"x":0.32483088970184328,"y":0.01844097301363945,"z":-0.006335004232823849,"w":0.9455711245536804},"size":21.168792724609376,"orthographic":false}